日期,號1,號2,號3,號4,號5
2024-01-01,3,9,27,30,33
2024-01-02,21,22,25,30,37
2024-01-03,1,5,21,32,37
2024-01-04,11,27,28,29,37
2024-01-05,10,11,14,21,33
2024-01-06,1,16,33,37,39
2024-01-08,7,22,35,38,39
2024-01-09,9,17,19,23,27
2024-01-10,3,6,15,19,24
2024-01-11,15,23,34,36,37
2024-01-12,1,3,12,23,31
2024-01-13,14,20,27,33,38
2024-01-15,1,3,10,11,35
2024-01-16,2,5,9,27,29
2024-01-17,10,17,32,38,39
2024-01-18,10,27,31,32,33
2024-01-19,2,3,13,17,35
2024-01-20,15,20,28,36,37
2024-01-22,3,15,17,25,36
2024-01-23,8,16,18,19,35
2024-01-24,4,12,29,33,36
2024-01-25,1,14,32,34,36
2024-01-26,6,9,12,22,31
2024-01-27,1,8,9,30,35
2024-01-29,1,3,18,22,28
2024-01-30,3,11,21,23,36
2024-01-31,6,10,21,32,38
2024-02-01,10,17,19,29,37
2024-02-02,10,22,26,32,33
2024-02-03,14,20,21,23,34
2024-02-05,12,15,16,23,28
2024-02-06,6,13,16,32,39
2024-02-07,6,11,15,28,31
2024-02-08,20,25,31,35,38
2024-02-09,6,20,22,36,37
2024-02-10,3,18,19,21,22
2024-02-12,6,8,22,29,38
2024-02-13,23,24,28,30,31
2024-02-14,4,16,27,30,37
2024-02-15,2,4,15,17,30
2024-02-16,7,11,16,34,36
2024-02-17,12,18,31,38,39
2024-02-19,5,9,17,24,25
2024-02-20,21,26,29,30,34
2024-02-21,1,3,4,35,37
2024-02-22,3,5,12,15,33
2024-02-23,1,3,15,18,35
2024-02-24,2,7,10,15,33
2024-02-26,23,25,29,31,32
2024-02-27,11,27,30,31,38
2024-02-28,7,14,28,29,38
2024-02-29,7,15,22,26,37
2024-03-01,5,12,13,21,36
2024-03-02,17,19,29,36,37
2024-03-04,1,3,5,19,38
2024-03-05,26,34,36,37,39
2024-03-06,9,19,23,36,38
2024-03-07,2,6,20,23,36
2024-03-08,8,11,15,20,36
2024-03-09,5,10,27,37,38
2024-03-11,2,8,16,18,36
2024-03-12,12,21,23,38,39
2024-03-13,8,12,22,35,36
2024-03-14,18,19,22,26,28
2024-03-15,7,8,9,14,34
2024-03-16,2,6,16,27,39
2024-03-18,11,16,18,19,25
2024-03-19,10,16,26,38,39
2024-03-20,5,24,29,34,35
2024-03-21,1,2,4,13,27
2024-03-22,7,11,12,24,38
2024-03-23,7,17,27,28,33
2024-03-25,4,11,20,34,36
2024-03-26,5,7,30,35,38
2024-03-27,10,21,23,27,30
2024-03-28,1,10,16,26,29
2024-03-29,11,12,18,23,24
2024-03-30,2,12,15,24,35
2024-04-01,5,9,14,20,33
2024-04-02,4,10,12,23,26
2024-04-03,1,3,6,21,27
2024-04-04,8,14,22,27,35
2024-04-05,1,13,31,34,35
2024-04-06,4,7,15,22,30
2024-04-08,3,9,21,27,36
2024-04-09,12,21,24,25,39
2024-04-10,2,3,21,26,30
2024-04-11,13,15,18,19,33
2024-04-12,1,3,10,14,31
2024-04-13,1,2,9,19,31
2024-04-15,3,9,10,13,17
2024-04-16,6,17,21,26,28
2024-04-17,15,28,35,36,39
2024-04-18,6,13,15,25,28
2024-04-19,2,10,21,22,38
2024-04-20,3,12,20,34,35
2024-04-22,6,14,20,28,35
2024-04-23,17,18,32,35,37
2024-04-24,3,6,10,17,28
2024-04-25,16,20,21,22,25
2024-04-26,10,14,25,31,36
2024-04-27,9,15,22,34,36
2024-04-29,4,10,12,21,27
2024-04-30,3,7,12,17,37
2024-05-01,9,24,32,36,39
2024-05-02,3,6,13,28,35
2024-05-03,5,6,11,16,37
2024-05-04,2,7,13,18,28
2024-05-06,12,28,31,35,39
2024-05-07,4,9,18,25,39
2024-05-08,12,13,16,26,37
2024-05-09,5,6,11,31,35
2024-05-10,1,12,31,38,39
2024-05-11,1,7,11,15,29
2024-05-13,4,14,33,36,37
2024-05-14,7,11,18,20,22
2024-05-15,4,6,14,26,33
2024-05-16,9,10,21,33,35
2024-05-17,14,19,27,30,38
2024-05-18,5,10,11,32,37
2024-05-20,3,5,28,32,34
2024-05-21,1,3,16,24,31
2024-05-22,11,13,15,23,29
2024-05-23,14,23,26,27,34
2024-05-24,5,16,22,26,39
2024-05-25,1,15,32,34,38
2024-05-27,5,13,14,17,24
2024-05-28,16,23,29,36,39
2024-05-29,1,7,9,20,32
2024-05-30,2,9,32,36,37
2024-05-31,8,12,13,23,36
2024-06-01,4,20,24,28,38
2024-06-03,6,10,21,24,31
2024-06-04,7,11,17,23,25
2024-06-05,3,4,6,14,20
2024-06-06,3,11,20,21,36
2024-06-07,1,4,27,34,35
2024-06-08,11,19,24,31,32
2024-06-10,18,19,30,33,38
2024-06-11,3,13,26,32,34
2024-06-12,14,19,20,29,32
2024-06-13,3,12,17,30,38
2024-06-14,1,2,17,20,37
2024-06-15,5,8,35,36,37
2024-06-17,2,8,26,32,34
2024-06-18,2,9,15,29,38
2024-06-19,2,10,11,14,22
2024-06-20,12,13,16,20,32
2024-06-21,10,12,15,16,23
2024-06-22,1,21,22,25,27
2024-06-24,3,13,17,32,39
2024-06-25,25,26,32,36,37
2024-06-26,2,21,37,38,39
2024-06-27,15,18,27,28,31
2024-06-28,12,16,25,27,39
2024-06-29,2,17,26,33,35
2024-07-01,8,11,17,19,23
2024-07-02,3,15,16,20,22
2024-07-03,4,20,25,33,34
2024-07-04,9,12,15,26,33
2024-07-05,17,18,23,24,28
2024-07-06,4,21,24,33,35
2024-07-08,11,17,20,22,29
2024-07-09,2,13,31,33,36
2024-07-10,1,9,14,31,33
2024-07-11,1,2,13,23,37
2024-07-12,8,17,18,19,36
2024-07-13,16,21,23,29,30
2024-07-15,1,19,22,25,37
2024-07-16,7,24,26,34,36
2024-07-17,8,10,26,28,37
2024-07-18,5,17,24,33,34
2024-07-19,14,19,24,30,36
2024-07-20,1,11,27,29,31
2024-07-22,6,20,26,30,34
2024-07-23,7,11,12,37,38
2024-07-24,2,3,21,23,34
2024-07-25,1,9,17,18,39
2024-07-26,11,12,18,20,36
2024-07-27,1,11,15,18,37
2024-07-29,1,12,14,24,30
2024-07-30,2,4,16,29,38
2024-07-31,12,18,36,37,38
2024-08-01,12,24,27,30,35
2024-08-02,1,19,22,24,38
2024-08-03,11,12,26,27,32
2024-08-05,6,7,11,17,36
2024-08-06,1,6,12,29,37
2024-08-07,4,5,16,19,30
2024-08-08,2,9,13,19,28
2024-08-09,2,7,8,10,12
2024-08-10,1,21,28,38,39
2024-08-12,8,12,24,28,34
2024-08-13,9,15,20,28,32
2024-08-14,6,9,24,30,34
2024-08-15,7,14,20,27,39
2024-08-16,9,17,18,32,35
2024-08-17,6,14,32,33,36
2024-08-19,2,9,12,16,36
2024-08-20,7,28,30,34,39
2024-08-21,1,2,12,13,22
2024-08-22,2,8,16,34,37
2024-08-23,9,11,30,34,39
2024-08-24,25,26,28,29,37
2024-08-26,5,9,11,23,33
2024-08-27,5,13,21,34,35
2024-08-28,6,16,34,35,36
2024-08-29,4,21,26,29,36
2024-08-30,3,5,14,22,36
2024-08-31,9,15,21,36,37
2024-09-02,16,20,24,31,37
2024-09-03,11,14,19,23,24
2024-09-04,9,26,27,31,35
2024-09-05,10,13,27,32,37
2024-09-06,14,27,31,36,39
2024-09-07,5,9,28,36,38
2024-09-09,5,16,17,36,37
2024-09-10,6,34,35,36,39
2024-09-11,5,8,14,20,26
2024-09-12,3,8,13,27,33
2024-09-13,6,8,25,37,39
2024-09-14,3,29,34,35,37
2024-09-16,12,15,18,19,26
2024-09-17,7,9,31,38,39
2024-09-18,2,9,16,18,23
2024-09-19,16,19,22,26,37
2024-09-20,4,7,30,32,38
2024-09-21,9,22,25,35,39
2024-09-23,4,12,14,17,35
2024-09-24,4,10,19,30,31
2024-09-25,2,5,10,12,37
2024-09-26,4,6,14,16,20
2024-09-27,3,27,34,37,39
2024-09-28,10,20,24,35,39
2024-09-30,7,10,24,27,31
2024-10-01,20,23,30,31,35
2024-10-02,7,8,13,22,34
2024-10-03,1,6,15,19,39
2024-10-04,5,11,27,38,39
2024-10-05,2,5,8,14,32
2024-10-07,2,10,17,21,39
2024-10-08,1,11,13,25,37
2024-10-09,12,17,25,31,34
2024-10-10,3,25,29,35,38
2024-10-11,14,15,16,24,29
2024-10-12,14,21,22,23,35
2024-10-14,4,14,19,25,32
2024-10-15,2,19,27,33,35
2024-10-16,15,20,27,30,31
2024-10-17,1,18,21,36,37
2024-10-18,4,11,26,34,38
2024-10-19,11,15,24,36,37
2024-10-21,1,9,17,31,35
2024-10-22,7,16,25,32,34
2024-10-23,10,18,19,26,37
2024-10-24,1,4,8,20,22
2024-10-25,6,8,15,28,39
2024-10-26,13,15,18,26,28
2024-10-28,1,6,13,22,39
2024-10-29,9,12,25,29,35
2024-10-30,10,11,17,24,33
2024-10-31,8,13,25,36,38
2024-11-01,4,8,11,19,31
2024-11-02,6,7,16,37,38
2024-11-04,3,7,10,26,35
2024-11-05,1,8,18,27,30
2024-11-06,6,11,14,18,22
2024-11-07,6,10,20,25,32
2024-11-08,1,9,13,31,32
2024-11-09,2,3,10,21,36
2024-11-11,7,14,20,24,26
2024-11-12,5,8,17,24,28
2024-11-13,3,11,18,21,35
2024-11-14,5,11,17,25,30
2024-11-15,2,18,27,29,39
2024-11-16,4,24,29,33,37
2024-11-18,3,5,23,26,27
2024-11-19,10,14,21,32,33
2024-11-20,13,20,30,31,33
2024-11-21,4,12,13,23,25
2024-11-22,3,7,8,17,30
2024-11-23,3,13,28,29,38
2024-11-25,3,6,19,20,38
2024-11-26,1,5,11,27,29
2024-11-27,7,13,14,21,35
2024-11-28,5,9,20,29,34
2024-11-29,3,11,18,25,35
2024-11-30,4,11,16,17,24
2024-12-02,5,13,23,29,38
2024-12-03,7,12,15,16,18
2024-12-04,12,27,33,35,38
2024-12-05,5,19,23,28,39
2024-12-06,2,15,20,33,38
2024-12-07,6,24,31,32,33
2024-12-09,8,9,20,28,32
2024-12-10,7,12,13,21,24
2024-12-11,4,22,32,34,37
2024-12-12,2,11,16,23,29
2024-12-13,2,9,20,34,38
2024-12-14,3,7,8,12,35
2024-12-16,5,11,21,23,26
2024-12-17,3,5,7,16,31
2024-12-18,3,24,27,33,37
2024-12-19,7,8,11,27,33
2024-12-20,3,9,16,19,26
2024-12-21,12,13,14,18,32
2024-12-23,2,6,13,18,22
2024-12-24,1,14,15,28,39
2024-12-25,6,18,21,29,38
2024-12-26,5,7,12,20,38
2024-12-27,7,15,19,20,38
2024-12-28,17,18,24,26,30
2024-12-30,3,20,23,27,31
2024-12-31,11,15,32,33,34
2025-01-01,2,7,8,10,14
2025-01-02,12,26,30,32,33
2025-01-03,5,6,8,11,14
2025-01-04,8,9,12,21,23
2025-01-06,7,21,22,27,35
2025-01-07,13,23,27,31,37
2025-01-08,12,18,20,24,31
2025-01-09,2,8,19,21,29
2025-01-10,9,11,15,18,20
2025-01-11,5,12,13,19,34
2025-01-13,4,12,28,35,38
2025-01-14,10,22,31,35,36
2025-01-15,3,21,22,26,39
2025-01-16,9,13,23,29,34
2025-01-17,4,7,8,24,26
2025-01-18,7,12,18,35,39
2025-01-20,3,12,19,32,34
2025-01-21,1,14,18,19,22
2025-01-22,6,19,23,26,30
2025-01-23,4,7,17,22,35
2025-01-24,5,9,12,14,31
2025-01-25,1,7,32,36,37
2025-01-26,7,8,9,17,20
2025-01-27,1,6,16,26,31
2025-01-28,13,22,23,24,35
2025-01-29,4,11,25,31,32
2025-01-30,9,11,14,18,27
2025-01-31,1,5,9,14,26
2025-02-01,1,10,23,32,37
2025-02-02,9,16,29,32,39
2025-02-03,4,16,21,23,37
2025-02-04,1,8,16,19,31
2025-02-05,6,7,8,14,39
2025-02-06,3,7,22,29,34
2025-02-07,16,21,26,29,37
2025-02-08,8,24,28,37,38
2025-02-09,4,5,27,35,37
2025-02-10,12,22,26,28,35
2025-02-11,10,18,19,27,28
2025-02-12,2,6,19,28,29
2025-02-13,2,7,11,20,30
2025-02-14,11,17,29,34,39
2025-02-15,6,8,10,21,26
2025-02-17,9,15,29,30,39
2025-02-18,10,12,13,19,33
2025-02-19,3,27,28,33,38
2025-02-20,3,7,17,24,27
2025-02-21,11,13,18,30,35
2025-02-22,4,7,11,19,22
2025-02-24,8,17,18,24,36
2025-02-25,5,11,26,33,35
2025-02-26,3,11,24,27,36
2025-02-27,11,12,20,28,29
2025-02-28,5,27,31,38,39
2025-03-01,4,16,29,31,34
2025-03-03,8,9,12,22,27
2025-03-04,11,18,21,23,36
2025-03-05,15,23,29,36,39
2025-03-06,8,12,15,18,34
2025-03-07,9,10,19,33,35
2025-03-08,17,23,24,27,35
2025-03-10,2,4,7,25,37
2025-03-11,2,21,24,27,31
2025-03-12,6,14,27,30,33
2025-03-13,3,4,7,11,30
2025-03-14,6,8,18,19,28
2025-03-15,8,15,25,26,34
2025-03-17,7,11,13,26,30
2025-03-18,3,13,15,19,25
2025-03-19,11,15,25,29,34
2025-03-20,2,16,17,27,32
2025-03-21,5,9,15,20,26
2025-03-22,5,13,16,24,28
2025-03-24,7,25,32,34,35
2025-03-25,4,20,24,27,38
2025-03-26,1,10,12,32,35
2025-03-27,5,25,33,36,37
2025-03-28,13,24,25,36,39
2025-03-29,4,9,12,17,27
2025-03-31,7,10,13,23,26
2025-04-01,5,13,17,19,31
2025-04-02,4,8,29,32,34
2025-04-03,5,16,23,31,39
2025-04-04,3,6,7,36,38
2025-04-05,12,13,14,15,24
2025-04-07,1,6,19,26,33
2025-04-08,6,17,18,19,32
2025-04-09,4,6,14,24,35
2025-04-10,14,19,22,26,28
2025-04-11,15,17,26,27,35
2025-04-12,9,11,15,25,31
2025-04-14,9,10,22,30,33
2025-04-15,2,3,16,27,39
2025-04-16,7,22,25,29,38
2025-04-17,3,6,23,24,37
2025-04-18,7,24,28,31,36
2025-04-19,14,19,21,26,36
2025-04-21,2,6,12,14,24
2025-04-22,8,19,23,27,31
2025-04-23,1,16,19,27,33
2025-04-24,4,6,25,29,35
2025-04-25,1,5,24,33,36
2025-04-26,20,23,32,35,38
2025-04-28,6,12,17,38,39
2025-04-29,1,7,13,18,35
2025-04-30,22,26,30,31,38
2025-05-01,8,19,25,27,39
2025-05-02,5,12,20,24,28
2025-05-03,1,10,19,27,31
2025-05-05,4,5,8,10,11
2025-05-06,6,11,18,37,39
2025-05-07,7,9,21,28,38
2025-05-08,7,10,26,28,33
2025-05-09,4,11,19,21,34
2025-05-10,6,9,20,27,36
2025-05-12,8,10,26,27,38
2025-05-13,4,10,20,23,29
2025-05-14,1,14,18,24,38
2025-05-15,2,4,15,25,36
2025-05-16,2,13,24,27,39
2025-05-17,3,9,24,30,39
2025-05-19,4,7,14,25,35
2025-05-20,10,22,23,26,38
2025-05-21,10,16,31,34,38
2025-05-22,1,8,17,21,35
2025-05-23,13,16,24,27,32
2025-05-24,14,18,29,35,36
2025-05-26,8,15,21,24,34
2025-05-27,4,8,23,33,38
2025-05-28,9,13,15,24,33
2025-05-29,4,18,28,30,31
2025-05-30,14,20,21,34,35
2025-05-31,14,18,20,29,35
2025-06-02,2,7,11,16,21
2025-06-03,7,20,21,25,34
2025-06-04,20,30,33,36,38
2025-06-05,7,14,19,35,39
2025-06-06,2,12,14,25,30
2025-06-07,4,16,22,23,32
2025-06-09,8,20,27,29,30
2025-06-10,7,12,16,29,38
2025-06-11,4,17,19,21,31
2025-06-12,11,14,15,19,32
2025-06-13,4,5,10,12,38
2025-06-14,2,15,17,23,37
2025-06-16,6,8,9,33,36
2025-06-17,2,12,14,26,37
2025-06-18,7,12,23,26,36
2025-06-19,12,14,15,17,24
2025-06-20,2,5,8,17,24
2025-06-21,3,8,15,24,39
2025-06-23,3,14,22,31,38
2025-06-24,1,10,12,20,31
2025-06-25,2,11,28,30,37
2025-06-26,1,6,13,24,29
2025-06-27,3,4,10,19,37
2025-06-28,12,22,29,33,34
2025-06-30,7,8,11,23,31
2025-07-01,6,8,11,19,38
2025-07-02,6,13,21,24,38
2025-07-03,10,21,22,26,27
2025-07-04,5,24,31,36,39
2025-07-05,8,14,22,24,35
2025-07-07,14,25,27,35,38
2025-07-08,3,4,24,27,33
2025-07-09,13,18,27,28,37
2025-07-10,2,3,4,34,36
2025-07-11,9,26,37,38,39
2025-07-12,3,19,20,21,26
2025-07-14,8,11,12,29,36
2025-07-15,9,16,21,22,38
2025-07-16,15,18,24,31,32
2025-07-17,4,6,11,29,37
2025-07-18,12,21,22,38,39
2025-07-19,7,11,14,26,27
2025-07-21,1,6,11,22,34
2025-07-22,19,21,27,32,39
2025-07-23,16,18,23,36,39
2025-07-24,2,6,9,29,32
2025-07-25,5,7,10,26,30
2025-07-26,14,15,18,23,29
2025-07-28,4,16,22,23,30
2025-07-29,1,6,10,13,27
2025-07-30,17,22,24,30,32
2025-07-31,11,12,17,34,36
2025-08-01,2,13,18,33,34
2025-08-02,3,14,22,25,31
2025-08-04,3,21,23,25,26
2025-08-05,13,20,21,32,37
2025-08-06,6,10,24,28,38
2025-08-07,10,20,28,30,37
2025-08-08,11,25,27,30,34
2025-08-09,1,9,27,29,30
2025-08-11,1,14,22,26,28
2025-08-12,1,9,17,25,30
2025-08-13,11,23,26,32,34
2025-08-14,10,12,14,31,35
2025-08-15,1,5,16,18,26
2025-08-16,15,18,22,24,31
2025-08-18,9,12,18,27,29
2025-08-19,6,7,18,31,35
2025-08-20,15,18,29,31,39
2025-08-21,16,27,28,29,33
2025-08-22,6,7,21,37,38
2025-08-23,4,5,8,27,39
2025-08-25,6,12,15,23,26
2025-08-26,2,5,24,38,39
2025-08-27,3,5,28,30,32
2025-08-28,5,7,21,23,29
2025-08-29,7,20,21,30,38
2025-08-30,4,5,7,13,14
2025-09-01,21,24,28,29,35
2025-09-02,5,8,10,23,25
2025-09-03,14,15,20,21,23
2025-09-04,6,7,24,27,34
2025-09-05,7,9,29,32,38
2025-09-06,8,14,25,28,31
2025-09-08,7,11,20,28,38
2025-09-09,8,20,23,25,26
2025-09-10,12,14,16,28,39
2025-09-11,6,18,26,28,36
2025-09-12,9,12,16,26,34
2025-09-13,2,25,32,35,36
2025-09-15,7,9,10,12,28
2025-09-16,2,9,19,21,33
2025-09-17,4,6,7,12,38
2025-09-18,5,12,14,23,33
2025-09-19,2,11,22,24,31
2025-09-20,5,8,11,13,22
2025-09-22,7,9,12,14,33
2025-09-23,6,19,20,33,37
2025-09-24,4,22,23,35,39
2025-09-25,2,10,13,28,32
2025-09-26,3,7,14,25,34
2025-09-27,3,11,13,28,37
2025-09-29,3,15,21,29,37
2025-09-30,14,20,21,28,33
2025-10-01,3,5,12,22,27
2025-10-02,10,19,25,36,39
2025-10-03,10,16,19,21,28
2025-10-04,3,4,10,18,39
2025-10-06,3,5,6,12,13
2025-10-07,1,16,20,28,34
2025-10-08,3,9,26,38,39
2025-10-09,2,4,12,15,29
2025-10-10,3,6,24,31,36
2025-10-11,4,9,19,22,34
2025-10-13,8,13,14,22,36
2025-10-14,4,5,9,18,24
2025-10-15,4,7,19,33,39
2025-10-16,4,18,21,30,37
2025-10-17,1,21,31,32,34
2025-10-18,2,17,32,35,38
2025-10-20,6,13,22,23,27
2025-10-21,13,22,30,37,38
2025-10-22,3,4,20,25,28
2025-10-23,8,15,27,37,38
2025-10-24,8,11,13,37,38
2025-10-25,3,4,11,21,34
2025-10-27,3,20,26,31,37
2025-10-28,18,20,25,29,31
2025-10-29,26,32,33,36,39
2025-10-30,5,27,28,31,37
2025-10-31,11,18,25,26,33
2025-11-01,8,12,19,27,28
2025-11-03,24,25,34,36,37
2025-11-04,1,7,12,29,39
2025-11-05,11,14,15,27,39
2025-11-06,7,24,28,31,32
2025-11-07,22,27,30,32,37
2025-11-08,7,8,9,26,34
2025-11-10,7,14,15,17,30
2025-11-11,5,19,31,34,39
2025-11-12,1,4,9,14,22
2025-11-13,13,18,20,23,36
2025-11-14,2,11,15,37,38
2025-11-15,12,20,25,28,29
2025-11-17,4,7,16,26,29
2025-11-18,14,24,31,36,37
2025-11-19,3,11,20,28,31
2025-11-20,1,5,33,36,38
2025-11-21,5,10,17,28,35
2025-11-22,10,13,32,33,37
2025-11-24,2,4,5,17,31
2025-11-25,9,30,36,38,39
2025-11-26,7,13,26,28,34
2025-11-27,7,19,22,25,28
2025-11-28,8,13,14,22,28
2025-11-29,8,27,30,33,36
2025-12-01,2,3,4,20,24
2025-12-02,2,5,8,13,29
2025-12-03,5,9,14,33,35
2025-12-04,1,7,20,25,37
2025-12-05,2,3,16,17,29
2025-12-06,6,22,23,24,32
2025-12-08,5,23,27,28,31
2025-12-09,7,8,15,30,39
2025-12-10,4,7,11,16,26
2025-12-11,2,6,17,25,26
2025-12-12,10,24,26,28,35
2025-12-13,2,9,21,31,38
2025-12-15,3,17,27,29,38
2025-12-16,2,10,14,33,35
2025-12-17,5,6,7,19,32
2025-12-18,4,9,32,33,36
2025-12-19,12,16,23,27,30
2025-12-20,1,5,16,35,38
2025-12-22,2,22,24,27,38
2025-12-23,9,22,24,30,35
2025-12-24,2,3,14,25,30
2025-12-25,14,18,28,36,39
2025-12-26,1,10,20,27,36
2025-12-27,1,15,19,28,38
2025-12-29,5,10,13,29,37
2025-12-30,11,12,24,27,33
2025-12-31,8,10,11,26,35
2026-01-01,15,16,18,29,36
2026-01-02,17,18,25,36,39
2026-01-03,22,23,31,32,38
2026-01-05,10,16,18,34,39
2026-01-06,1,2,6,11,33
2026-01-07,5,10,14,15,28
2026-01-08,3,8,10,21,30
2026-01-09,1,12,14,22,34
2026-01-10,11,25,26,34,38
2026-01-12,3,13,18,24,30
2026-01-13,6,16,17,19,31
2026-01-14,1,2,16,33,35
2026-01-15,1,2,3,19,36
2026-01-16,18,19,22,27,29
2026-01-17,2,10,11,24,37
2026-01-19,12,16,23,24,29
2026-01-20,16,19,23,25,34
2026-01-21,4,15,23,27,38
2026-01-22,3,6,11,30,34
2026-01-23,3,11,12,21,31
2026-01-24,6,7,15,35,37
2026-01-26,6,15,23,26,30
2026-01-27,5,17,18,23,32
2026-01-28,10,11,23,24,29
2026-01-29,6,11,28,36,37
2026-01-30,16,17,29,30,36
2026-01-31,5,12,16,21,32
2026-02-02,6,8,31,37,38
2026-02-03,3,5,11,15,23
2026-02-04,8,17,22,27,28
2026-02-05,8,9,13,32,35
2026-02-06,1,6,29,32,34
2026-02-07,3,8,22,27,32
2026-02-09,16,21,25,31,35
2026-02-10,10,11,17,22,36
2026-02-11,11,15,18,29,33
2026-02-12,1,12,21,35,37
2026-02-13,4,28,31,33,34
2026-02-14,1,3,13,31,36
2026-02-15,11,13,18,22,34
2026-02-16,5,7,15,18,34
2026-02-17,6,8,11,20,21
2026-02-18,8,10,12,32,33
2026-02-19,8,15,19,25,27
2026-02-20,4,11,22,23,27
2026-02-21,1,8,19,20,25
2026-02-22,8,13,16,24,25
2026-02-23,3,10,12,27,36
2026-02-24,16,23,25,32,36
2026-02-25,5,22,28,35,36
2026-02-26,3,6,9,31,39
2026-02-27,1,22,23,37,39
2026-02-28,2,4,13,26,27
2026-03-01,2,8,15,29,31
2026-03-02,3,12,20,21,27
2026-03-03,2,19,21,32,35
2026-03-04,4,8,12,16,17
2026-03-05,1,4,8,12,36
2026-03-06,19,24,29,32,34
2026-03-07,15,17,18,34,36
2026-03-09,7,12,15,32,38
2026-03-10,11,12,14,17,32
2026-03-11,5,15,26,37,38
2026-03-12,4,5,7,23,35
2026-03-13,2,5,11,12,15
2026-03-14,8,10,18,20,34
2026-03-16,17,19,21,29,34
2026-03-17,11,13,19,22,27
2026-03-18,21,22,31,32,35
2026-03-19,5,23,25,30,37
2026-03-20,3,11,15,33,39
2026-03-21,7,14,15,19,22
2026-03-23,7,12,24,29,35
2026-03-24,10,20,28,29,36
2026-03-25,3,13,31,33,36
2026-03-26,14,17,20,24,37
2026-03-27,8,18,24,34,35
2026-03-28,6,9,11,16,17
2026-03-30,6,8,20,22,32
2026-03-31,9,16,23,35,39
2026-04-01,3,10,11,13,23
2026-04-02,1,9,13,18,21
2026-04-03,6,8,9,25,35
2026-04-04,4,17,25,31,36
2026-04-06,7,11,17,31,34
2026-04-07,4,8,21,27,29
2026-04-08,2,4,5,6,29
2026-04-09,2,15,25,31,38
2026-04-10,9,21,25,27,30
2026-04-11,7,12,17,24,31
2026-04-13,18,30,31,37,38
2026-04-14,9,14,27,29,33
2026-04-15,2,9,11,29,30
2026-04-16,6,8,12,21,30
2026-04-17,1,2,7,16,26
2026-04-18,7,25,26,29,31
2026-04-20,3,4,5,20,36
2026-04-21,1,6,14,26,28
2026-04-22,5,7,24,38,39
2026-04-23,2,10,17,25,35
2026-04-24,16,21,25,29,34
2026-04-25,3,20,21,22,33
2026-04-27,8,18,20,23,27
2026-04-28,7,8,21,35,38
2026-04-29,2,6,22,32,36
2026-04-30,6,15,27,30,31
2026-05-01,2,3,14,16,20
2026-05-02,8,9,17,25,38
2026-05-04,8,22,26,36,39
2026-05-05,8,16,24,27,37
2026-05-06,4,10,11,34,39
2026-05-07,1,6,18,25,36
2026-05-08,18,19,23,26,28
2026-05-09,11,18,21,22,25
2026-05-11,2,13,21,36,37
2026-05-12,1,4,12,22,26
2026-05-13,2,6,7,9,23
2026-05-14,8,18,28,35,39
2026-05-15,1,13,23,25,36
2026-05-16,2,11,28,32,33
2026-05-18,8,15,20,32,33
2026-05-19,4,6,24,31,32
2026-05-20,1,20,21,23,35
2026-05-21,9,25,28,34,36
2026-05-22,4,8,15,16,37
2026-05-23,6,15,16,24,38
2026-05-25,5,6,12,36,37
2026-05-26,2,7,11,14,37
2026-05-27,2,3,18,19,21
2026-05-28,6,9,12,19,31
2026-05-29,12,15,20,34,35
2026-05-30,2,3,4,13,39
2026-06-01,5,14,19,20,28
2026-06-02,7,12,22,26,30
2026-06-03,2,8,17,25,38
2026-06-04,2,8,24,29,35
2026-06-05,7,21,26,27,31
2026-06-06,13,27,30,37,38
2026-06-08,8,14,17,18,28
2026-06-09,10,17,20,25,28
2026-06-10,1,4,32,35,39
2026-06-11,8,15,20,29,31
2026-06-12,6,8,18,29,31
2026-06-13,4,5,6,34,36
2026-06-15,12,16,24,28,36
2026-06-16,5,17,23,25,29
2026-06-17,8,10,15,16,37
2026-06-18,9,20,27,28,30
2026-06-19,1,5,7,13,25
2026-06-20,4,11,24,25,31
2026-06-22,1,7,28,29,34
2026-06-23,2,14,25,29,36
2026-06-24,3,17,21,32,33
2026-06-25,6,13,21,29,34
2026-06-26,8,10,14,26,36
2026-06-27,4,14,21,31,32
2026-06-29,11,15,30,34,36
2026-06-30,3,11,23,26,37
2026-07-01,1,3,12,14,34
2026-07-02,1,6,8,13,30
2026-07-03,7,11,31,36,37
2026-07-04,2,10,15,31,37
2026-07-06,1,10,12,14,38
2026-07-07,9,21,24,27,34
2026-07-08,1,11,23,30,34
2026-07-09,18,22,28,35,37
2026-07-10,5,13,15,21,26
2026-07-11,10,25,27,35,38
2026-07-13,3,4,5,34,35
2026-07-14,1,6,13,15,37
2026-07-15,6,16,19,21,30
2026-07-16,13,25,28,30,31
2026-07-17,10,12,28,29,35
2026-07-18,18,29,33,34,37
2026-07-20,10,12,13,20,24
2026-07-21,12,19,27,37,39
2026-07-22,3,14,19,21,31
2026-07-23,12,14,19,25,26
2026-07-24,5,17,27,29,36
2026-07-25,8,12,16,23,39
2026-07-27,7,16,19,24,32
2026-07-28,5,8,13,23,31
2026-07-29,5,14,32,33,36
2026-07-30,4,7,8,16,38
2026-07-31,1,9,12,25,26
2026-08-01,6,11,18,22,29
2026-08-03,7,21,23,28,35
2026-08-04,9,32,35,37,39
2026-08-05,2,4,22,25,29
2026-08-06,3,9,16,24,35
2026-08-07,6,11,12,13,19
2026-08-08,5,11,24,31,32
2026-08-10,1,7,16,23,35
2026-08-11,7,17,19,23,30
2026-08-12,7,12,17,20,32
2026-08-13,5,11,12,17,18
2026-08-14,7,19,21,25,34
2026-08-15,12,14,21,35,37
2026-08-17,19,22,27,28,38
2026-08-18,5,6,10,28,39
2026-08-19,2,6,7,32,38
2026-08-20,4,14,27,32,34
2026-08-21,11,12,18,20,29
2026-08-22,9,10,29,30,34
2026-08-24,9,10,19,23,26
2026-08-25,8,21,23,30,35
2026-08-26,13,19,23,35,38
2026-08-27,2,3,7,25,33
2026-08-28,2,4,9,12,36
2026-08-29,3,6,17,23,33
2026-08-31,5,10,12,33,39
2026-09-01,2,4,22,30,38
2026-09-02,7,8,13,16,18
2026-09-03,18,19,22,23,34
2026-09-04,2,4,15,17,24
2026-09-05,3,8,10,28,38
2026-09-07,19,25,26,31,35
2026-09-08,3,7,25,29,30
2026-09-09,5,6,8,28,29
2026-09-10,4,14,30,35,38
2026-09-11,12,15,23,25,27
2026-09-12,6,17,24,25,30
2026-09-14,1,15,32,34,39
2026-09-15,4,12,23,26,31
2026-09-16,7,8,12,13,19
2026-09-17,2,8,11,12,34
2026-09-18,2,3,6,24,34
2026-09-19,2,17,27,29,35
2026-09-21,4,20,22,30,38
2026-09-22,8,13,20,31,34
2026-09-23,8,10,14,16,30
2026-09-24,5,8,18,19,30
2026-09-25,6,15,20,30,33
2026-09-26,17,18,30,34,39
2026-09-28,13,19,21,27,32
2026-09-29,6,13,17,26,28
2026-09-30,2,7,9,14,33
2026-10-01,1,3,16,28,38
2026-10-02,13,24,30,34,38
2026-10-03,5,28,29,33,38
2026-10-05,2,5,8,16,31
2026-10-06,14,25,26,29,33
